episode,step,prob,state,action,reward,step_ctx,received_reward,visit_count,action_count,action_ratio,reward_mean,reward_variance,reward_trend,chosen_q_value,mean_q_value,q_gap,q_advantage,entropy,td_error_mean,td_error_variance,narrative
0,0,0.02627975971132572,0,0,0.0,,,,,,,,,,,,,,,,"The RL system observed a very low probability of heart disease risk (approximately 2.63%), indicating that the patient falls into a low-risk category. The margins to thresholds highlight that the patient's risk is well below the moderate risk threshold (0.33), with a margin to moderate risk of -0.30, and it is significantly below the high-risk threshold (0.66), with a margin of 0.63. The stability of the patient’s risk, indicated by 'low' volatility and a volatility value of 0.0, suggests that the risk probability is consistent and unlikely to fluctuate in the near term.

Configuration changes compared to defaults show no adjustments to the moderate and high-risk thresholds or the quantity of top K SHAP values in use, reflecting a decision to maintain the current framework for presenting risk factors without any alterations. This approach may streamline risk communication without overwhelming details, ensuring that relevant information remains clear and focused.

Among the actions taken, increasing the top K SHAP values (action 0) has been performed 7 times, suggesting some iterative efforts to understand the factors contributing to the patient’s health status, yet yielding a mean reward of 0.0 indicates these adjustments did not affect perceived risk. Conversely, lowering the moderate risk threshold (action 2) was executed 5 times, with similar outcomes, which indicates that despite the attempts to adapt the risk thresholds for enhanced insight, the patient's consistent low-risk status remains unaffected by these strategic changes.

This consistent low-risk determination informs us that previous care approaches have been effective and aligned with maintaining the patient in this low-risk category, demonstrating positive management or prevention strategies. Future care should continue to monitor the patient's health status regularly but can afford to maintain a conservative approach given the established low-risk profile.

A deeper insight from the RL system indicates a potential stagnation or plateau in risk management strategies for this patient, as actions do not translate into tangible shifts in risk perception or thresholds, suggesting that while data-driven decision-making continues, it might be necessary to explore more impactful interventions if future assessments suggest any changes in patient condition or risk factors."
